iteration,best_fitness,mean_fitness,min_fitness_current,eval_time,update_time,overhead_time,worker_time_total,critical_path_time,tasks_submitted,total_iter_time,gbest_improved,previous_gbest,total_run_time
0,33.06045797490424,88.04626009057165,33.06045797490424,0.000673100003041327,1.00000761449337e-07,0.000202999945031479,0.00044630005140788853,0.00044630005140788853,40,0.0006732000038027763,True,inf,
1,18.35812906154612,45.32700895677196,18.35812906154612,0.00021100000594742596,0.00044659999548457563,6.849996862001717e-05,0.00012510002125054598,0.00012510002125054598,40,0.0006906000198796391,True,33.06045797490424,
2,11.91099984299874,40.994073124868805,11.91099984299874,0.0001998000079765916,0.0002644999767653644,6.570000550709665e-05,0.00011940000695176423,0.00011940000695176423,40,0.00048359998618252575,True,18.35812906154612,
3,4.8898366482997595,31.85343462586723,4.8898366482997595,0.00021070000366307795,0.00025599999935366213,6.710004527121782e-05,0.0001285999605897814,0.0001285999605897814,40,0.00048669998068362474,True,11.91099984299874,
4,4.8898366482997595,22.625847407679515,7.523892281792988,0.00020340000628493726,0.00027619997854344547,6.779999239370227e-05,0.00012020001304335892,0.00012020001304335892,40,0.0004995999915990978,False,4.8898366482997595,
5,4.8898366482997595,16.330402401997834,5.25887631962596,0.0002038999809883535,0.0002488000027369708,7.189999450929463e-05,0.00011860000086016953,0.00011860000086016953,40,0.00047030000132508576,False,4.8898366482997595,
6,4.440131715042673,14.187371479380207,4.440131715042673,0.0005358000053092837,0.000695699971402064,0.00019810002413578331,0.0003008999628946185,0.0003008999628946185,40,0.0012796999944839627,True,4.8898366482997595,
7,3.1552312155218303,11.232837284292277,3.1552312155218303,0.00020569999469444156,0.0006098000158090144,6.820002454333007e-05,0.00012149999383836985,0.00012149999383836985,40,0.0008372000011149794,True,4.440131715042673,
8,1.0279021516976539,10.007337863628821,1.0279021516976539,0.0001967000134754926,0.00026519998209550977,6.480002775788307e-05,0.0001183999702334404,0.0001183999702334404,40,0.0004794000124093145,True,3.1552312155218303,
9,0.9671765075756266,7.343243241227452,0.9671765075756266,0.00019790002261288464,0.00026160001289099455,6.67999847792089e-05,0.00011780002387240529,0.00011780002387240529,40,0.0004757000133395195,True,1.0279021516976539,
10,0.7350783950110392,6.999445626604631,0.7350783950110392,0.00019130000146105886,0.0002555999963078648,6.339987157844007e-05,0.00011510011972859502,0.00011510011972859502,40,0.0004634000069927424,True,0.9671765075756266,
11,0.7350783950110392,5.565506221640406,0.9919440964456869,0.0001947999990079552,0.0002513999934308231,6.440008291974664e-05,0.00011729990364983678,0.00011729990364983678,40,0.00046109998947940767,False,0.7350783950110392,
12,0.7350783950110392,5.0624324647077,1.1914119665535807,0.00019200000679120421,0.0002447000006213784,6.379993283189833e-05,0.00011650007218122482,0.00011650007218122482,40,0.00045950000640004873,False,0.7350783950110392,
13,0.7350783950110392,4.243663563084087,0.9269581129968809,0.00019160000374540687,0.00024670001585036516,6.280004163272679e-05,0.00011719996109604836,0.00011719996109604836,40,0.0004503000236582011,False,0.7350783950110392,
14,0.7350783950110392,3.5836585138356667,0.8611610873219441,0.00019260001135990024,0.00024399999529123306,6.389993359334767e-05,0.00011740007903426886,0.00011740007903426886,40,0.0004487000114750117,False,0.7350783950110392,
15,0.3861897581020162,3.27170809208801,0.3861897581020162,0.0001976999919861555,0.00025519999326206744,6.549994577653706e-05,0.00012070004595443606,0.00012070004595443606,40,0.000467699981527403,True,0.7350783950110392,
16,0.3861897581020162,3.3248263054405713,0.5828285585383086,0.0002023999986704439,0.00025409998488612473,6.630001007579267e-05,0.00012360000982880592,0.00012360000982880592,40,0.00047289999201893806,False,0.3861897581020162,
17,0.3861897581020162,2.530957688562106,0.3878956532078801,0.00020790001144632697,0.0005501999985426664,6.880000000819564e-05,0.00012489999062381685,0.00012489999062381685,40,0.0007739000138826668,False,0.3861897581020162,
18,0.21498104919032499,2.5019562378004983,0.21498104919032499,0.00019719998817890882,0.0003288000007160008,6.430005305446684e-05,0.00012009995407424867,0.00012009995407424867,40,0.0005399000074248761,True,0.3861897581020162,
19,0.21498104919032499,2.287498055378663,0.2898483509370748,0.0001993000041693449,0.0002555999963078648,6.57000346109271e-05,0.00012129996321164072,0.00012129996321164072,40,0.0004689000197686255,False,0.21498104919032499,
20,0.21381979606003224,2.449444964038334,0.21381979606003224,0.0002004000125452876,0.0002658999874256551,6.609995034523308e-05,0.00012200005585327744,0.00012200005585327744,40,0.00047939998330548406,True,0.21498104919032499,
21,0.2084123065035561,1.9135530328001926,0.2084123065035561,0.00020229999790899456,0.00025969999842345715,6.739996024407446e-05,0.00012280003284104168,0.00012280003284104168,40,0.00047530001029372215,True,0.21381979606003224,
22,0.2084123065035561,1.8249190870725571,0.296098780336857,0.00019950000569224358,0.00026179998531006277,6.579997716471553e-05,0.0001215000229422003,0.0001215000229422003,40,0.00047389999963343143,False,0.2084123065035561,
23,0.18073229272187083,1.8761098943615508,0.18073229272187083,0.0002303999790456146,0.00025400001322850585,6.730001769028604e-05,0.00012079995940439403,0.00012079995940439403,40,0.0005080999981146306,True,0.2084123065035561,
24,0.14957555709841588,1.7199875802956577,0.14957555709841588,0.00020829998538829386,0.0003582000208552927,7.020003977231681e-05,0.00012429998605512083,0.00012429998605512083,40,0.0005858000076841563,True,0.18073229272187083,
25,0.14957555709841588,1.528270068167434,0.2513200606018292,0.0005607999919448048,0.0004835000145249069,0.00015079995500855148,0.0003727000439539552,0.0003727000439539552,40,0.0010890000266954303,False,0.14957555709841588,
26,0.14957555709841588,1.5740357665068898,0.20050426745285374,0.0004905999812763184,0.0005667000077664852,0.00015590002294629812,0.00030229997355490923,0.00030229997355490923,40,0.0010936000035144389,False,0.14957555709841588,
27,0.09974419619506666,1.3063650388825234,0.09974419619506666,0.00067559999297373,0.0005728999967686832,0.00017610000213608146,0.00046079998719505966,0.00046079998719505966,40,0.0013076000032015145,True,0.14957555709841588,
28,0.08488516140609077,1.447461358517873,0.08488516140609077,0.0002133999951183796,0.00048729998525232077,6.999998004175723e-05,0.0001280000142287463,0.0001280000142287463,40,0.0007214999932330102,True,0.09974419619506666,
29,0.06314960546186535,1.3070320201172227,0.06314960546186535,0.00019779999274760485,0.00025499999173916876,6.540006143040955e-05,0.00011909991735592484,0.00011909991735592484,40,0.0004693999944720417,True,0.08488516140609077,
30,0.06314960546186535,1.0708558129734018,0.09077705007704698,0.00019300001440569758,0.0002477999951224774,6.319998647086322e-05,0.00011710001854225993,0.00011710001854225993,40,0.0004552000027615577,False,0.06314960546186535,
31,0.06314960546186535,1.1102980925025387,0.07906051073367493,0.00019370001973584294,0.00025519999326206744,6.440005381591618e-05,0.00011699995957314968,0.00011699995957314968,40,0.0004621999978553504,False,0.06314960546186535,
32,0.061184719935973936,1.0171427935246027,0.061184719935973936,0.00019120000069960952,0.00024199998006224632,6.269998266361654e-05,0.00011690001701936126,0.00011690001701936126,40,0.0004451999848242849,True,0.06314960546186535,
33,0.03455626740078282,1.0016537039232685,0.03455626740078282,0.00020100001711398363,0.00025340000865980983,6.530006066896021e-05,0.00012279994552955031,0.00012279994552955031,40,0.00046869998914189637,True,0.061184719935973936,
34,0.033414308577122506,0.7561638636444099,0.033414308577122506,0.00020129999029450119,0.0002573000092525035,6.590000702999532e-05,0.00012279997463338077,0.00012279997463338077,40,0.0004729000211227685,True,0.03455626740078282,
35,0.030689311838656565,0.597482994523651,0.030689311838656565,0.00019950000569224358,0.00035180000122636557,6.51999725960195e-05,0.00012080001761205494,0.00012080001761205494,40,0.0005667000077664852,True,0.033414308577122506,
36,0.0197501209310403,0.7888003339952464,0.0197501209310403,0.00019890000112354755,0.0002544999879319221,6.499994196929038e-05,0.00012110004900023341,0.00012110004900023341,40,0.000468299986096099,True,0.030689311838656565,
37,0.0197501209310403,0.7907148950825326,0.05046969189085006,0.00020260000019334257,0.00025680000544525683,6.589997792616487e-05,0.00012420001439750195,0.00012420001439750195,40,0.0004729000211227685,False,0.0197501209310403,
38,0.0197501209310403,0.5877986480025275,0.03341037894828922,0.0002182000025641173,0.0002796999760903418,6.820002454333007e-05,0.00013679999392479658,0.00013679999392479658,40,0.0005116999964229763,False,0.0197501209310403,
39,0.0197501209310403,0.4897453520963914,0.028387860353504952,0.00022640000679530203,0.0006237999768927693,7.489998824894428e-05,0.00013400003081187606,0.00013400003081187606,40,0.0008722000056877732,False,0.0197501209310403,
40,0.0197501209310403,0.734857830586682,0.03109167886042195,0.0006451000226661563,0.0006543000054080039,0.00025790001382119954,0.00034810000215657055,0.00034810000215657055,40,0.0013488999975379556,False,0.0197501209310403,
41,0.0197501209310403,0.506967518044575,0.022891442697408736,0.00020849998691119254,0.0004245000018272549,6.73000467941165e-05,0.00012609997065737844,0.00012609997065737844,40,0.0006513999833259732,False,0.0197501209310403,
42,0.0197501209310403,0.5746219303130135,0.027129595673500796,0.0001934999891091138,0.0002474999928381294,6.309989839792252e-05,0.00011830008588731289,0.00011830008588731289,40,0.0004532999882940203,False,0.0197501209310403,
43,0.019352534972529298,0.5003837174749142,0.019352534972529298,0.0002004999842029065,0.00023929998860694468,7.139996159821749e-05,0.00011690004612319171,0.00011690004612319171,40,0.00045289998524822295,True,0.0197501209310403,
44,0.019352534972529298,0.43032402011720966,0.02456447091922221,0.0001970999874174595,0.00025099999038502574,6.510005914606154e-05,0.00011879994417540729,0.00011879994417540729,40,0.00046320000546984375,False,0.019352534972529298,
45,0.019352534972529298,0.4479046450809663,0.025742829825020977,0.00019779999274760485,0.00025850001838989556,6.580003537237644e-05,0.00011989995255135,0.00011989995255135,40,0.0004687999899033457,False,0.019352534972529298,
46,0.012330689438307622,0.44332015630052996,0.012330689438307622,0.00019740001880563796,0.00024560000747442245,6.580003537237644e-05,0.00011979998089373112,0.00011979998089373112,40,0.0004545000265352428,True,0.019352534972529298,
47,0.012330689438307622,0.36926469866179035,0.014432362706348643,0.00020119998953305185,0.0002651000104378909,6.769996252842247e-05,0.00012060004519298673,0.00012060004519298673,40,0.00048019998939707875,False,0.012330689438307622,
48,0.012330689438307622,0.2960901720783929,0.016859725244294587,0.00020119998953305185,0.0002548999909777194,6.720004603266716e-05,0.0001224999432452023,0.0001224999432452023,40,0.000467099976958707,False,0.012330689438307622,
49,0.009538433407643107,0.3651845328767812,0.009538433407643107,0.00021460000425577164,0.0004200999974273145,7.240005652420223e-05,0.00012659994536079466,0.00012659994536079466,40,0.0006538000016007572,True,0.012330689438307622,
50,0.008901746800089597,0.14358574067123148,0.008901746800089597,0.0002032000047620386,0.0002714000002015382,6.88000291120261e-05,0.00012119996245019138,0.00012119996245019138,40,0.0004887999966740608,True,0.009538433407643107,
51,0.008901746800089597,0.2940766509041464,0.011878213808989594,0.0002046000154223293,0.0002587999915704131,6.93999754730612e-05,0.000122600031318143,0.000122600031318143,40,0.0004757999849971384,False,0.008901746800089597,
52,0.008503229958452208,0.1513589145803398,0.008503229958452208,0.00022039999021217227,0.0002601000014692545,7.00999516993761e-05,0.0001378000306431204,0.0001378000306431204,40,0.0004935000033583492,True,0.008901746800089597,
53,0.008503229958452208,0.2544620577646821,0.015359056539600189,0.00021180001203902066,0.0002683000057004392,7.120004738681018e-05,0.00012759995297528803,0.00012759995297528803,40,0.0004933000018354505,False,0.008503229958452208,
54,0.008503229958452208,0.1780954735115825,0.00908028344921331,0.00020520001999102533,0.00025599999935366213,6.72000169288367e-05,0.00012630000128410757,0.00012630000128410757,40,0.0004723000165540725,False,0.008503229958452208,
55,0.008503229958452208,0.1511652524865528,0.008801524898708456,0.00020640000002458692,0.0002564000023994595,6.960006430745125e-05,0.00012509996304288507,0.00012509996304288507,40,0.00047389999963343143,False,0.008503229958452208,
56,0.008503229958452208,0.1847154439105132,0.008519283751444355,0.0012404000153765082,0.0002615999837871641,0.001067900040652603,0.00014519997057504952,0.00014519997057504952,40,0.00152749998960644,False,0.008503229958452208,
57,0.00697846059765536,0.19247442509640314,0.00697846059765536,0.0004489000129979104,0.0006734999769832939,0.00014990009367465973,0.0002665999054443091,0.0002665999054443091,40,0.0011643999896477908,True,0.008503229958452208,
58,0.00636624857644313,0.16065547529877705,0.00636624857644313,0.0005789999850094318,0.0010134000040125102,0.00015520004671998322,0.0003889999643433839,0.0003889999643433839,40,0.0016373000107705593,True,0.00697846059765536,
59,0.00636624857644313,0.17297388896521143,0.006427434770061019,0.0006791000196244568,0.0005988999910186976,0.00022229997557587922,0.0004202000272925943,0.0004202000272925943,40,0.0013248000177554786,False,0.00636624857644313,
60,0.004567210027321051,0.19716030353325248,0.004567210027321051,0.00020879998919554055,0.00042799999937415123,7.039998308755457e-05,0.0001233000075444579,0.0001233000075444579,40,0.0006571999983862042,True,0.00636624857644313,
61,0.004567210027321051,0.1518059607405203,0.004684289750737653,0.00019869999960064888,0.0002547000185586512,6.53000024612993e-05,0.00011970000923611224,0.00011970000923611224,40,0.00046949999523349106,False,0.004567210027321051,
62,0.0040408789352029024,0.11507823915502077,0.0040408789352029024,0.00019229997997172177,0.00024560000747442245,6.330007454380393e-05,0.00011679992894642055,0.00011679992894642055,40,0.00045200000749900937,True,0.004567210027321051,
63,0.0040408789352029024,0.1583643055853063,0.004923936553097686,0.00019379999139346182,0.0002663999912329018,6.489994120784104e-05,0.00011610004003159702,0.00011610004003159702,40,0.00047450000420212746,False,0.0040408789352029024,
64,0.002779538393700138,0.19162019994278026,0.002779538393700138,0.0001871999993454665,0.0002452000044286251,6.239995127543807e-05,0.00011300004553049803,0.00011300004553049803,40,0.00044490001164376736,True,0.0040408789352029024,
65,0.0023790931697991353,0.12945673222486725,0.0023790931697991353,0.00019379999139346182,0.0002488000027369708,6.389999180100858e-05,0.0001176999940071255,0.0001176999940071255,40,0.0004566000134218484,True,0.002779538393700138,
66,0.0023790931697991353,0.18167403670358348,0.0028041089490892027,0.0001947999990079552,0.0002480999974068254,6.560003384947777e-05,0.00011719996109604836,0.00011719996109604836,40,0.00045590000809170306,False,0.0023790931697991353,
67,0.0023790931697991353,0.09731041857044706,0.0025902748295101885,0.00019669998437166214,0.00025549999554641545,6.469996878877282e-05,0.00011660001473501325,0.00011660001473501325,40,0.00046519999159500003,False,0.0023790931697991353,
68,0.0023790931697991353,0.19160562112276994,0.003486136225028601,0.0001928000128827989,0.00024839999969117343,6.460005533881485e-05,0.00011659995652735233,0.00011659995652735233,40,0.000451600004453212,False,0.0023790931697991353,
69,0.0018874112336815891,0.09078428506487682,0.0018874112336815891,0.00020420001237653196,0.0003336000081617385,6.830008351244032e-05,0.00012209994019940495,0.00012209994019940495,40,0.0005539999983739108,True,0.0023790931697991353,
70,0.0017738452341841196,0.10949713223197635,0.0017738452341841196,0.000603599997702986,0.0005876999930478632,0.00016190001042559743,0.0004236999957356602,0.0004236999957356602,40,0.0012134000135120004,True,0.0018874112336815891,
71,0.0016122649011359848,0.047168338382027136,0.0016122649011359848,0.00019290001364424825,0.0002573999809101224,6.33999879937619e-05,0.00011680001625791192,0.00011680001625791192,40,0.0004650999908335507,True,0.0017738452341841196,
72,0.0015823224138557658,0.10851958556919664,0.0015823224138557658,0.00019789999350905418,0.0002513999934308231,6.580003537237644e-05,0.00011949994950555265,0.00011949994950555265,40,0.00046380001003853977,True,0.0016122649011359848,
73,0.0015823224138557658,0.14916213657884503,0.0017071551113596547,0.0002083999861497432,0.00025260000256821513,6.599989137612283e-05,0.0001299000869039446,0.0001299000869039446,40,0.00047480000648647547,False,0.0015823224138557658,
74,0.0015823224138557658,0.045696390545259834,0.0020889757056732554,0.00019720001728273928,0.00024909997591748834,6.669998401775956e-05,0.00011850002920255065,0.00011850002920255065,40,0.00045870000030845404,False,0.0015823224138557658,
75,0.001414453147243833,0.08299676082858173,0.001414453147243833,0.00019680001423694193,0.00026369999977760017,6.499997107312083e-05,0.00012030004290863872,0.00012030004290863872,40,0.00047289999201893806,True,0.0015823224138557658,
76,0.0010163325111798797,0.059751777875236986,0.0010163325111798797,0.0002023999986704439,0.00025839998852461576,6.740007665939629e-05,0.00012269994476810098,0.00012269994476810098,40,0.00047389999963343143,True,0.001414453147243833,
77,0.0007623507022921054,0.03488659244987393,0.0007623507022921054,0.00021349999587982893,0.00035620000562630594,7.239996921271086e-05,0.00012710003647953272,0.00012710003647953272,40,0.0005856000061612576,True,0.0010163325111798797,
78,0.0007623507022921054,0.06847827546753252,0.0008407968230716644,0.00020099998801015317,0.0002961000136565417,6.699998630210757e-05,0.00012140002218075097,0.00012140002218075097,40,0.0005099999834783375,False,0.0007623507022921054,
79,0.0007623507022921054,0.07728073467691113,0.0009178072350001147,0.00020520001999102533,0.00025889999233186245,6.9500005338341e-05,0.0001235000090673566,0.0001235000090673566,40,0.00047560001257807016,False,0.0007623507022921054,
80,0.0007623507022921054,0.07932616545954546,0.0009966991464198413,0.00020110001787543297,0.00026849997811950743,6.719998782500625e-05,0.00012220002827234566,0.00012220002827234566,40,0.0004805999924428761,False,0.0007623507022921054,
81,0.00047761075454998543,0.08892191475810528,0.00047761075454998543,0.00020710000535473228,0.0002798999776132405,6.800008122809231e-05,0.00012609994155354798,0.00012609994155354798,40,0.0005017999792471528,True,0.0007623507022921054,
82,0.00047761075454998543,0.03521764511514388,0.0005635361301188527,0.00020390001009218395,0.0002677000011317432,6.809999467805028e-05,0.00012320000678300858,0.00012320000678300858,40,0.00048450002213940024,False,0.00047761075454998543,
83,0.0004609458927672858,0.08482759070281108,0.0004609458927672858,0.00020300000323913991,0.00025859999004751444,6.58000644762069e-05,0.00012569993850775063,0.00012569993850775063,40,0.0004735999973490834,True,0.00047761075454998543,
84,0.0002732032903219398,0.014745592580221692,0.0002732032903219398,0.00021460000425577164,0.00026439997600391507,6.870002835057676e-05,0.00013279999257065356,0.00013279999257065356,40,0.0004935999750159681,True,0.0004609458927672858,
85,0.0002732032903219398,0.06358759842194864,0.0003613290072909537,0.00020429998403415084,0.0002657000150065869,6.849993951618671e-05,0.00012340006651356816,0.00012340006651356816,40,0.0004831000114791095,False,0.0002732032903219398,
86,0.00024139284278737843,0.08322411670848083,0.00024139284278737843,0.00020429998403415084,0.0002643000043462962,6.77999050822109e-05,0.00012450007488951087,0.00012450007488951087,40,0.00048019998939707875,True,0.0002732032903219398,
87,0.00018667559043456373,0.06051836264740379,0.00018667559043456373,0.0002052999916486442,0.0002688000095076859,6.88000291120261e-05,0.00012389998300932348,0.00012389998300932348,40,0.0004873999860137701,True,0.00024139284278737843,
88,0.00018667559043456373,0.023315271424006034,0.00024372411519468166,0.0002195000124629587,0.0004249999765306711,7.240002742037177e-05,0.00013009997201152146,0.00013009997201152146,40,0.0006701999809592962,False,0.00018667559043456373,
89,0.00018667559043456373,0.02556147726142835,0.00019679638955108036,0.0002179000002797693,0.0002620000159367919,7.570005254819989e-05,0.00012859993148595095,0.00012859993148595095,40,0.0004936000041197985,False,0.00018667559043456373,
90,0.00018667559043456373,0.0068141496634901875,0.00022021593138512655,0.00021090000518597662,0.00026729999808594584,6.790008046664298e-05,0.00013059991761110723,0.00013059991761110723,40,0.0004899000050500035,False,0.00018667559043456373,
91,0.00013711368982214007,0.014891986907369559,0.00013711368982214007,0.00020769998081959784,0.00025870001991279423,6.719998782500625e-05,0.00012790001346729696,0.00012790001346729696,40,0.00047879997873678803,True,0.00018667559043456373,
92,0.0001287154768358683,0.008549486902696673,0.0001287154768358683,0.0002072000061161816,0.0002724000078160316,6.860005669295788e-05,0.0001255999377463013,0.0001255999377463013,40,0.0004936999757774174,True,0.00013711368982214007,
93,0.0001287154768358683,0.009491075505290174,0.00014788061365803641,0.00020539999241009355,0.00027459999546408653,6.829999620094895e-05,0.00012430001515895128,0.00012430001515895128,40,0.0004929999995511025,False,0.0001287154768358683,
94,6.152992761586845e-05,0.011977532327488069,6.152992761586845e-05,0.00020640000002458692,0.00025969999842345715,7.0499925641343e-05,0.00012410007184371352,0.00012410007184371352,40,0.00047820000327192247,True,0.0001287154768358683,
95,6.152992761586845e-05,0.007205932632341962,0.0001263394118925158,0.00021079997532069683,0.00027570000384002924,6.960003520362079e-05,0.00012839995906688273,0.00012839995906688273,40,0.0004999999946448952,False,6.152992761586845e-05,
96,6.152992761586845e-05,0.008019724465679567,0.00010603850320366078,0.00019880000036209822,0.0002609000075608492,6.590006523765624e-05,0.00012119993334636092,0.00012119993334636092,40,0.0004707000043708831,False,6.152992761586845e-05,
97,6.152992761586845e-05,0.004658010668810017,6.976851954143169e-05,0.00021090000518597662,0.0002673999988473952,6.959997699595988e-05,0.00012900002184323967,0.00012900002184323967,40,0.0004903000080958009,False,6.152992761586845e-05,
98,6.152992761586845e-05,0.008291508223959179,8.055337853796366e-05,0.00020509999012574553,0.0002838000073097646,6.839999696239829e-05,0.0001247999898623675,0.0001247999898623675,40,0.0005000999954063445,False,6.152992761586845e-05,
99,6.108922949859218e-05,0.009803469601219458,6.108922949859218e-05,0.00020420001237653196,0.00026699999580159783,6.890000076964498e-05,0.0001235000090673566,0.0001235000090673566,40,0.0004827000084333122,True,6.152992761586845e-05,
100,6.108922949859218e-05,0.0035231333577829226,8.180765533791457e-05,0.0002069000038318336,0.00026699999580159783,6.900000153109431e-05,0.00012489999062381685,0.00012489999062381685,40,0.0004880000196862966,False,6.108922949859218e-05,
101,4.824856227358238e-05,0.005805630444473737,4.824856227358238e-05,0.00020509999012574553,0.0002789999998640269,6.919997395016253e-05,0.00012320003588683903,0.00012320003588683903,40,0.0004984999832231551,True,6.108922949859218e-05,
102,4.01328269216379e-05,0.002945207722276593,4.01328269216379e-05,0.00021769999875687063,0.0002708999963942915,7.609999738633633e-05,0.0001286999904550612,0.0001286999904550612,40,0.0005027000152040273,True,4.824856227358238e-05,
103,3.706175998471575e-05,0.0035060792946788343,3.706175998471575e-05,0.000205100019229576,0.00026959998649545014,6.839999696239829e-05,0.0001241000136360526,0.0001241000136360526,40,0.0004882999928668141,True,4.01328269216379e-05,
104,3.706175998471575e-05,0.0029738149926501617,3.973709840756544e-05,0.00021669999114237726,0.0002707999956328422,6.910006050020456e-05,0.0001345999480690807,0.0001345999480690807,40,0.0005011000030208379,False,3.706175998471575e-05,
105,3.329185727643612e-05,0.004570915438370155,3.329185727643612e-05,0.00020939999376423657,0.0002634999982547015,6.93999754730612e-05,0.0001280000142287463,0.0001280000142287463,40,0.0004847999953199178,True,3.706175998471575e-05,
106,3.329185727643612e-05,0.003998059264143541,3.421462479673412e-05,0.0002046000154223293,0.0002792000013869256,6.779996328987181e-05,0.00012430004426278174,0.00012430004426278174,40,0.000496100023156032,False,3.329185727643612e-05,
107,3.329185727643612e-05,0.006895306235019621,4.763541016808254e-05,0.00020539999241009355,0.0002623999898787588,6.84000551700592e-05,0.00012499993317760527,0.00012499993317760527,40,0.0004788000078406185,False,3.329185727643612e-05,
108,2.4089956813327102e-05,0.002669696150296109,2.4089956813327102e-05,0.0002164000179618597,0.00044750000233761966,7.239999831654131e-05,0.00012889999197795987,0.00012889999197795987,40,0.0006825000164099038,True,3.329185727643612e-05,
109,2.4089956813327102e-05,0.0034518502427030003,3.087260043950258e-05,0.00020710000535473228,0.0002699999895412475,6.85999111738056e-05,0.0001251000794582069,0.0001251000794582069,40,0.0004912999866064638,False,2.4089956813327102e-05,
110,2.4089956813327102e-05,0.0020781716734532907,2.6310884964203132e-05,0.00020249999943189323,0.0002710999979171902,6.77000789437443e-05,0.00012259991490282118,0.00012259991490282118,40,0.0004862000059802085,False,2.4089956813327102e-05,
111,1.883767055103344e-05,0.003999880818633747,1.883767055103344e-05,0.00020500001846812665,0.00026279999292455614,6.790005136281252e-05,0.00012509996304288507,0.00012509996304288507,40,0.00048230000538751483,True,2.4089956813327102e-05,
112,1.572004856684322e-05,0.0011638129408160778,1.572004856684322e-05,0.00021019999985583127,0.0002796999760903418,7.010003901086748e-05,0.00012639997294172645,0.00012639997294172645,40,0.0005064999859314412,True,1.883767055103344e-05,
113,1.572004856684322e-05,0.002086307735889343,1.6511470341117993e-05,0.00021649998961947858,0.0002699000178836286,6.930006202310324e-05,0.00013269996270537376,0.00013269996270537376,40,0.0005025000136811286,False,1.572004856684322e-05,
114,1.1987458494554644e-05,0.002670965212978028,1.1987458494554644e-05,0.00020400001085363328,0.00026000000070780516,6.760004907846451e-05,0.00012449995847418904,0.00012449995847418904,40,0.0004762000171467662,True,1.572004856684322e-05,
115,8.114932015235685e-06,0.0016767137633339282,8.114932015235685e-06,0.0002545999886933714,0.00026560001424513757,6.89999433234334e-05,0.00017190005746670067,0.00017190005746670067,40,0.0005374000174924731,True,1.1987458494554644e-05,
116,8.114932015235685e-06,0.0019810929670039407,1.0534759402530647e-05,0.00020409998251125216,0.00027260000933893025,6.81999372318387e-05,0.00012340006651356816,0.00012340006651356816,40,0.0004905000096186996,False,8.114932015235685e-06,
117,2.9492549986103494e-06,0.002595173084354473,2.9492549986103494e-06,0.00020909999147988856,0.0002738999901339412,7.160007953643799e-05,0.00012489993241615593,0.00012489993241615593,40,0.0004960999940522015,True,8.114932015235685e-06,
118,2.9492549986103494e-06,0.0010792892712733792,4.050856847482372e-06,0.0002108000044245273,0.0002954999799840152,6.980000762268901e-05,0.00012829998740926385,0.00012829998740926385,40,0.0005197999998927116,False,2.9492549986103494e-06,
119,2.9492549986103494e-06,0.0018658328398560332,5.005389495463494e-06,0.00020359997870400548,0.0002759000053629279,6.769999163225293e-05,0.00012379998224787414,0.00012379998224787414,40,0.0004911999858450145,False,2.9492549986103494e-06,
120,2.9492549986103494e-06,0.002555029281366477,4.6030769481515315e-06,0.00020500001846812665,0.00026099997921846807,6.799996481277049e-05,0.00012480004807002842,0.00012480004807002842,40,0.0004768999933730811,False,2.9492549986103494e-06,
121,2.9492549986103494e-06,0.0006067822890553484,4.755362201372284e-06,0.00022220000391826034,0.00027439999394118786,7.329988875426352e-05,0.00013590010348707438,0.00013590010348707438,40,0.0005105999880470335,False,2.9492549986103494e-06,
122,2.9492549986103494e-06,0.0012016320603612514,4.641018768583068e-06,0.00019920000340789557,0.0002626999921631068,6.559997564181685e-05,0.00012190002598799765,0.00012190002598799765,40,0.0004732999950647354,False,2.9492549986103494e-06,
123,2.9492549986103494e-06,0.0007963113736229432,6.6558142458107255e-06,0.0002004999842029065,0.00026210001669824123,6.680001388303936e-05,0.0001220999693032354,0.0001220999693032354,40,0.00047389999963343143,False,2.9492549986103494e-06,
124,2.9492549986103494e-06,0.000648404487159395,7.169195705083372e-06,0.00020280000171624124,0.0002621999883558601,6.750001921318471e-05,0.00012349997996352613,0.00012349997996352613,40,0.00048049999168142676,False,2.9492549986103494e-06,
125,2.9492549986103494e-06,0.0001863148705135249,5.173491429096976e-06,0.00020260000019334257,0.00026149998302571476,6.690001464448869e-05,0.00012399998377077281,0.00012399998377077281,40,0.00047569998423568904,False,2.9492549986103494e-06,
126,2.9492549986103494e-06,0.0004692586514176181,3.8054082682163567e-06,0.00021260001813061535,0.0002623999898787588,6.920000305399299e-05,0.00012770001194439828,0.00012770001194439828,40,0.00048809999134391546,False,2.9492549986103494e-06,
127,2.9492549986103494e-06,0.00018347547535242943,3.81476523585975e-06,0.00020559999393299222,0.0002620999875944108,6.860011490061879e-05,0.00012499987496994436,0.00012499987496994436,40,0.0004792999825440347,False,2.9492549986103494e-06,
128,2.4721000685417913e-06,0.00027131794204921964,2.4721000685417913e-06,0.0002462000120431185,0.0002592999953776598,6.989995017647743e-05,0.00013620004756376147,0.00013620004756376147,40,0.0006144999933894724,True,2.9492549986103494e-06,
129,2.1943980896217076e-06,0.00022996958802136202,2.1943980896217076e-06,0.0005545000021811575,0.0006813999789301306,0.0001995000638999045,0.00032259992440231144,0.00032259992440231144,40,0.0012953999976161867,True,2.4721000685417913e-06,
130,5.521006086074465e-07,0.00013989104392129123,5.521006086074465e-07,0.0003963000199291855,0.0005401999806053936,0.00013200004468671978,0.00023739994503557682,0.00023739994503557682,40,0.000970599998254329,True,2.1943980896217076e-06,
131,5.521006086074465e-07,0.00023055897908875791,6.758624831445916e-07,0.0003997999883722514,0.0004908000119030476,0.00012839987175539136,0.00024610012769699097,0.00024610012769699097,40,0.0009197000181302428,False,5.521006086074465e-07,
132,5.521006086074465e-07,0.0001733788873968268,6.9908599612144e-07,0.0003288000007160008,0.00043650000588968396,0.00010899992776103318,0.00019940006313845515,0.00019940006313845515,40,0.0007859000179450959,False,5.521006086074465e-07,
133,5.521006086074465e-07,0.00013063045013218976,1.1659930342349026e-06,0.00030869999318383634,0.00039900001138448715,0.00010249996557831764,0.00018740002997219563,0.00018740002997219563,40,0.0007250999915413558,False,5.521006086074465e-07,
134,4.800303819400858e-07,0.0001209759860221607,4.800303819400858e-07,0.00028639999800361693,0.000382099999114871,9.649997809901834e-05,0.00017260000458918512,0.00017260000458918512,40,0.0006867999909445643,True,5.521006086074465e-07,
135,4.800303819400858e-07,0.0001735510084547,6.372292035472706e-07,0.0002700999903026968,0.0003536999865900725,9.060004958882928e-05,0.00016249995678663254,0.00016249995678663254,40,0.0006432000081986189,False,4.800303819400858e-07,
136,4.268539630385025e-07,7.565945069978877e-05,4.268539630385025e-07,0.0002500000118743628,0.00032839999767020345,8.460006210952997e-05,0.00015079995500855148,0.00015079995500855148,40,0.0005935000081080943,True,4.800303819400858e-07,
137,3.7477543097323526e-07,0.00014473639596029384,3.7477543097323526e-07,0.00023710000095888972,0.00031269999453797936,7.789989467710257e-05,0.00014510011533275247,0.00014510011533275247,40,0.0005650999955832958,True,4.268539630385025e-07,
138,3.7477543097323526e-07,9.404817044243538e-05,6.799972776280491e-07,0.0002238999877590686,0.0003107000084128231,7.539999205619097e-05,0.00013500000932253897,0.00013500000932253897,40,0.0005486000154633075,False,3.7477543097323526e-07,
139,3.7477543097323526e-07,0.00011966820601332362,4.344043008998195e-07,0.0002111000067088753,0.00026619998971000314,7.130004814825952e-05,0.00012759995297528803,0.00012759995297528803,40,0.0004891999997198582,False,3.7477543097323526e-07,
140,3.7477543097323526e-07,0.00010603748962818575,6.095537995574418e-07,0.00019630001042969525,0.0002631999959703535,6.629995186813176e-05,0.00011860005906783044,0.00011860005906783044,40,0.00047080000513233244,False,3.7477543097323526e-07,
141,3.7477543097323526e-07,0.00018758001803811177,3.7523544733203556e-07,0.00019449999672360718,0.0002471000188961625,6.540000322274864e-05,0.00011749999248422682,0.00011749999248422682,40,0.0004537000204436481,False,3.7477543097323526e-07,
142,3.7477543097323526e-07,0.00010957437895726417,5.065392128582683e-07,0.0002558999985922128,0.0002494000073056668,0.00012299988884478807,0.00012090010568499565,0.00012090010568499565,40,0.0005175000114832073,False,3.7477543097323526e-07,
143,2.3805793616210896e-07,0.0004956921427398624,2.3805793616210896e-07,0.0001905999961309135,0.0002482999989297241,6.430002395063639e-05,0.00011509997420944273,0.00011509997420944273,40,0.00045009999303147197,True,3.7477543097323526e-07,
144,2.336857899147557e-07,0.00044521637608732953,2.336857899147557e-07,0.00019559997599571943,0.0002652000111993402,6.480005686171353e-05,0.00011899994569830596,0.00011899994569830596,40,0.0004741000011563301,True,2.3805793616210896e-07,
145,2.336857899147557e-07,0.00041175509360661105,3.985829537950612e-07,0.00019550000433810055,0.00025579999783076346,6.539997411891818e-05,0.00011850002920255065,0.00011850002920255065,40,0.00046370000927709043,False,2.336857899147557e-07,
146,2.336857899147557e-07,0.0001414063301002608,2.927969961678809e-07,0.00019150000298395753,0.00024560000747442245,6.330001633614302e-05,0.00011729996185749769,0.00011729996185749769,40,0.000447900005383417,False,2.336857899147557e-07,
147,1.6310237821496454e-07,0.000134728957259469,1.6310237821496454e-07,0.00019279998377896845,0.0002457000082358718,6.320001557469368e-05,0.00011869997251778841,0.00011869997251778841,40,0.00044979999074712396,True,2.336857899147557e-07,
148,1.6310237821496454e-07,0.00020698837056082092,3.0618520213154245e-07,0.0001925000105984509,0.00026030000299215317,6.449993816204369e-05,0.00011610006913542747,0.00011610006913542747,40,0.0004650000191759318,False,1.6310237821496454e-07,
149,1.5027080052453397e-07,0.00010040864441114098,1.5027080052453397e-07,0.0001888000115286559,0.00024360002134926617,6.320001557469368e-05,0.00011490000179037452,0.00011490000179037452,40,0.0004430999979376793,True,1.6310237821496454e-07,
150,1.5027080052453397e-07,8.971576904502138e-05,2.3874349540453696e-07,0.00019010002142749727,0.0002468999882694334,6.319992826320231e-05,0.00011530006304383278,0.00011530006304383278,40,0.0004487000114750117,False,1.5027080052453397e-07,
151,1.3239292729509618e-07,2.6104751675850327e-05,1.3239292729509618e-07,0.00018980001914314926,0.0002558999985922128,6.239998037926853e-05,0.00011610004003159702,0.00011610004003159702,40,0.00045690001570619643,True,1.5027080052453397e-07,
152,1.0384795860787032e-07,8.063372460461894e-05,1.0384795860787032e-07,0.0006369999900925905,0.00025690000620670617,0.00013160001253709197,0.00047129997983574867,0.00047129997983574867,40,0.0009393999935127795,True,1.3239292729509618e-07,
153,1.0384795860787032e-07,0.00011007384660931157,1.2869829648816996e-07,0.00021050000214017928,0.0005490999901667237,7.080001523718238e-05,0.00012539999443106353,0.00012539999443106353,40,0.0007746999908704311,False,1.0384795860787032e-07,
154,1.0384795860787032e-07,1.1623011780264417e-05,1.4507008475365032e-07,0.00020509999012574553,0.00026390000130049884,6.830002530477941e-05,0.00012459998833946884,0.00012459998833946884,40,0.00048019998939707875,False,1.0384795860787032e-07,
155,8.910581823808902e-08,6.81244855512351e-05,8.910581823808902e-08,0.00020100001711398363,0.0002581999870017171,6.660004146397114e-05,0.00012269997387193143,0.00012269997387193143,40,0.0004702000005636364,True,1.0384795860787032e-07,
156,8.286415987498101e-08,7.367279590946238e-05,8.286415987498101e-08,0.000208500016015023,0.0002610000083222985,6.629995186813176e-05,0.00012980005703866482,0.00012980005703866482,40,0.0004828999808523804,True,8.910581823808902e-08,
157,8.286415987498101e-08,0.00020046763566466006,1.2396029161010788e-07,0.0001975000195670873,0.0002544999879319221,6.599992047995329e-05,0.00011960009578615427,0.00011960009578615427,40,0.0004636000085156411,False,8.286415987498101e-08,
158,5.3579499999218195e-08,3.9772607578414376e-05,5.3579499999218195e-08,0.0001936000189743936,0.0002825999981723726,6.420002318918705e-05,0.00011779999476857483,0.00011779999476857483,40,0.0004880000196862966,True,8.286415987498101e-08,
159,5.3579499999218195e-08,0.00018017648496174355,7.410709155409423e-08,0.00019719998817890882,0.0002564000023994595,6.580000626854599e-05,0.0001196000084746629,0.0001196000084746629,40,0.00046579999616369605,False,5.3579499999218195e-08,
160,4.5294523074423074e-08,0.0004528486820319268,4.5294523074423074e-08,0.00020349997794255614,0.00024819999816827476,6.550006219185889e-05,0.00012639991473406553,0.00012639991473406553,40,0.0004632999771274626,True,5.3579499999218195e-08,
161,4.492721326155713e-08,0.0001312473169054296,4.492721326155713e-08,0.00019240000983700156,0.0002521999995224178,6.51999725960195e-05,0.00011540003470145166,0.00011540003470145166,40,0.0004571000172290951,True,4.5294523074423074e-08,
162,4.306786216572626e-08,0.000472904974799943,4.306786216572626e-08,0.00019439999596215785,0.00025430001551285386,6.560000474564731e-05,0.00011729999096132815,0.00011729999096132815,40,0.0004605000140145421,True,4.492721326155713e-08,
163,3.53249179015864e-08,0.00027062434655556594,3.53249179015864e-08,0.0001891000138130039,0.00024759999359957874,6.330007454380393e-05,0.00011439993977546692,0.00011439993977546692,40,0.00044850000995211303,True,4.306786216572626e-08,
164,3.230965526023047e-08,0.0003546610995550799,3.230965526023047e-08,0.00019359998987056315,0.00025680000544525683,6.579994806088507e-05,0.00011610004003159702,0.00011610004003159702,40,0.0004626000009011477,True,3.53249179015864e-08,
165,2.7501657815741807e-08,0.0003088870127132048,2.7501657815741807e-08,0.00019040002371184528,0.000248699972871691,6.370001938194036e-05,0.00011520000407472253,0.00011520000407472253,40,0.00045149997458793223,True,3.230965526023047e-08,
166,2.7501657815741807e-08,0.00016769013537815925,3.1154178138691904e-08,0.00019199997768737376,0.0002460000105202198,6.350004696287215e-05,0.00011699993046931922,0.00011699993046931922,40,0.0004492000152822584,False,2.7501657815741807e-08,
167,2.7501657815741807e-08,9.768505509449316e-06,3.267880853043974e-08,0.00018850000924430788,0.0002418000076431781,6.299998494796455e-05,0.00011440002708695829,0.00011440002708695829,40,0.00044049997813999653,False,2.7501657815741807e-08,
168,2.7501657815741807e-08,4.9341602712403804e-05,3.704389563239943e-08,0.0001939999929163605,0.0002521999995224178,6.400005077011883e-05,0.00011889997404068708,0.00011889997404068708,40,0.00045689998660236597,False,2.7501657815741807e-08,
169,2.7501657815741807e-08,4.135744128261664e-06,3.3649931051226536e-08,0.00018599999020807445,0.0002415000053588301,6.390002090483904e-05,0.00011129997437819839,0.00011129997437819839,40,0.00043710001045838,False,2.7501657815741807e-08,
170,2.1060149754456073e-08,3.08640321052832e-05,2.1060149754456073e-08,0.0001894999877549708,0.0002392000169493258,6.410005153156817e-05,0.00011459994129836559,0.00011459994129836559,40,0.00043899999582208693,True,2.7501657815741807e-08,
171,2.1060149754456073e-08,3.84065451012177e-06,2.848604510765725e-08,0.0001908999984152615,0.00024690001737326384,6.400002166628838e-05,0.00011519997497089207,0.00011519997497089207,40,0.00044930001604370773,False,2.1060149754456073e-08,
172,2.1060149754456073e-08,9.530475689502134e-06,2.6833457594019123e-08,0.0001998000079765916,0.00024349999148398638,6.449990905821323e-05,0.00012420010170899332,0.00012420010170899332,40,0.00045419999514706433,False,2.1060149754456073e-08,
173,2.1060149754456073e-08,3.327355739430201e-06,2.2900222769418185e-08,0.00018679999629966915,0.00024240001221187413,6.159994518384337e-05,0.00011450005695223808,0.00011450005695223808,40,0.0004393999988678843,False,2.1060149754456073e-08,
174,1.7864655293138715e-08,8.798492639486648e-06,1.7864655293138715e-08,0.00019530000281520188,0.00024360002134926617,6.440002471208572e-05,0.00011979998089373112,0.00011979998089373112,40,0.00044960001832805574,True,2.1060149754456073e-08,
175,1.7864655293138715e-08,6.611095528183853e-06,1.8452785175588902e-08,0.00020219999714754522,0.00026119998074136674,6.769999163225293e-05,0.00012280000373721123,0.00012280000373721123,40,0.0004752999811898917,False,1.7864655293138715e-08,
176,1.7864655293138715e-08,3.559284150223387e-06,1.8683098577877945e-08,0.00020879998919554055,0.00025320000713691115,6.700001540593803e-05,0.00013009997201152146,0.00013009997201152146,40,0.00047339999582618475,False,1.7864655293138715e-08,
177,1.7864655293138715e-08,1.0504857216634505e-05,1.952814137131353e-08,0.00018780000391416252,0.0002548999909777194,6.309992750175297e-05,0.00011380008072592318,0.00011380008072592318,40,0.0004526000120677054,False,1.7864655293138715e-08,
178,1.7098415086236837e-08,7.660963910513043e-06,1.7098415086236837e-08,0.00019200000679120421,0.00024110000231303275,6.300007225945592e-05,0.00011759993503801525,0.00011759993503801525,40,0.00044450000859797,True,1.7864655293138715e-08,
179,1.5816106787026554e-08,1.706093119172648e-05,1.5816106787026554e-08,0.0002072000061161816,0.00032049999572336674,6.920000305399299e-05,0.00012359998072497547,0.00012359998072497547,40,0.0005469000025186688,True,1.7098415086236837e-08,
180,1.5064176429335185e-08,6.329743666747998e-06,1.5064176429335185e-08,0.00020070001482963562,0.00025549999554641545,6.810005288571119e-05,0.00011949994950555265,0.00011949994950555265,40,0.00047160001122392714,True,1.5816106787026554e-08,
181,1.5064176429335185e-08,1.2730946351579813e-05,1.5784775489856696e-08,0.00019600000814534724,0.00025069998810067773,6.550009129568934e-05,0.00011809990974143147,0.00011809990974143147,40,0.00046079998719505966,False,1.5064176429335185e-08,
182,1.2532322954957756e-08,6.710911385850862e-06,1.2532322954957756e-08,0.00019530000281520188,0.0002480999974068254,6.489994120784104e-05,0.00011860005906783044,0.00011860005906783044,40,0.00045540000428445637,True,1.5064176429335185e-08,
183,1.0636598112423246e-08,1.944157022709507e-05,1.0636598112423246e-08,0.00020030001178383827,0.00026450000586919487,6.620003841817379e-05,0.00012109996168874204,0.00012109996168874204,40,0.00047900000936351717,True,1.2532322954957756e-08,
184,1.0636598112423246e-08,7.792827081684783e-06,1.1374772429252258e-08,0.0001967000134754926,0.0002646000066306442,6.5100088249892e-05,0.00011959992116317153,0.00011959992116317153,40,0.00047389999963343143,False,1.0636598112423246e-08,
185,8.767288575688521e-09,5.6597321350803e-06,8.767288575688521e-09,0.00020039998344145715,0.0002572000084910542,6.649998249486089e-05,0.00012200002674944699,0.00012200002674944699,40,0.0004697999975178391,True,1.0636598112423246e-08,0.11734399999841116
